{"netflow_fields_to_match": {
    "ipClassOfService": "1",
    "protocolIdentifier": "17",
    "sourceTransportPort": "4242",
    "destinationTransportPort": "80",
    "sourceIPv4Address": "192.168.0.198",
    "destinationIPv4Address": "192.168.0.200",
    "ingressInterface":"3"
  },
  "netflow_fields_to_collect": [
    "bgpDestinationAsNumber",
    "bgpSourceAsNumber",
    "ipNextHopIPv4Address",
    "sourceIPv4PrefixLength",
    "destinationIPv4PrefixLength",
    "tcpControlBits",
    "egressInterface",
    "octetDeltaCount",
    "packetDeltaCount",
    "flowStartSysUpTime",
    "flowEndSysUpTime",
    "ipDiffServCodePoint",
    "fragmentIdentification",
    "sourceIPv4Prefix",
    "applicationName"
  ]
}

